,Solution,IP,CVSS,CVEs
0,,      10.129.4.164,0.0,
1,,10.129.4.125,0.0,
2,,10.129.4.22,0.0,
3,,10.129.4.143,0.0,
4,,10.129.4.1,0.0,
5,,10.129.4.125,0.0,
6,,10.129.4.25,0.0,
7,,10.129.4.164,0.0,
8,,10.129.4.125,0.0,
9,,10.129.4.25,0.0,
10,,10.129.4.254,0.0,
11,,10.129.4.129,0.0,
12,,10.129.4.125,0.0,
13,,10.129.4.63,0.0,
14,,10.129.4.143,0.0,
15,,10.129.4.254,0.0,
16,,10.129.4.207,0.0,
17,,10.129.4.169,0.0,
18,,10.129.4.221,0.0,
19,,10.129.4.11,0.0,
20,,10.129.4.22,0.0,
21,,10.129.4.25,0.0,
22,,10.129.4.115,0.0,
23,,10.129.4.254,0.0,
24,,10.129.4.129,0.0,
25,,10.129.4.125,0.0,
26,,10.129.4.143,0.0,
27,,10.129.4.164,0.0,
28,,10.129.4.1,0.0,
29,,10.129.4.251,0.0,
30,Filter incoming traffic to this port.,10.129.4.11,0.0,
31,Filter incoming traffic to this port.,10.129.4.125,0.0,
32,Filter incoming traffic to this ports.,10.129.4.11,5.0,
33,Filter incoming traffic to this ports.,10.129.4.125,5.0,
34,,10.129.4.63,0.0,
35,,10.129.4.63,0.0,
36,"If you want to scan the remote host, uncheck the
  'Exclude printers from scan' option within the 'Global variable settings' of the scan
  config in use and re-scan it.",10.129.4.63,0.0,
37,,10.129.4.22,0.0,
38,,10.129.4.254,0.0,
39,,10.129.4.125,0.0,
40,,10.129.4.22,0.0,
41,,10.129.4.251,0.0,
42,,10.129.4.25,0.0,
43,,10.129.4.42,0.0,
44,,10.129.4.224,0.0,
45,,10.129.4.82,0.0,
46,,10.129.4.129,0.0,
47,,10.129.4.247,0.0,
48,,10.129.4.125,0.0,
49,,10.129.4.169,0.0,
50,,10.129.4.221,0.0,
51,,10.129.4.164,0.0,
52,,10.129.4.11,0.0,
53,,10.129.4.115,0.0,
54,,10.129.4.207,0.0,
55,,10.129.4.143,0.0,
56,,10.129.4.254,0.0,
57,,10.129.4.22,0.0,
58,,10.129.4.1,0.0,
59,,10.129.4.125,0.0,
60,,10.129.4.125,0.0,
61,,10.129.4.125,0.0,
62,,10.129.4.254,0.0,
63,,10.129.4.125,0.0,
64,,10.129.4.22,0.0,
65,,10.129.4.164,0.0,
66,,10.129.4.164,0.0,
67,,10.129.4.164,0.0,
68,,10.129.4.164,0.0,
69,,10.129.4.164,0.0,
70,,10.129.4.207,0.0,
71,,10.129.4.129,0.0,
72,,10.129.4.25,0.0,
73,,10.129.4.207,0.0,
74,,10.129.4.143,0.0,
75,,10.129.4.125,0.0,
76,,10.129.4.125,0.0,
77,,10.129.4.25,0.0,
78,,10.129.4.254,0.0,
79,,10.129.4.125,0.0,
80,,10.129.4.125,0.0,
81,,10.129.4.125,0.0,
82,,10.129.4.25,0.0,
83,,10.129.4.164,0.0,
84,,10.129.4.125,0.0,
85,,10.129.4.125,0.0,
86,,10.129.4.125,0.0,
87,,10.129.4.125,0.0,
88,,10.129.4.125,0.0,
89,,10.129.4.125,0.0,
90,,10.129.4.254,0.0,
91,,10.129.4.125,0.0,
92,,10.129.4.1,0.0,
93,,10.129.4.164,0.0,
94,,10.129.4.164,0.0,
95,,10.129.4.164,0.0,
96,,10.129.4.143,0.0,
97,,10.129.4.22,0.0,
98,,10.129.4.25,0.0,
99,,10.129.4.164,0.0,
100,,10.129.4.254,0.0,
101,,10.129.4.164,0.0,
102,,10.129.4.22,0.0,
103,,10.129.4.143,0.0,
104,,10.129.4.25,0.0,
105,,10.129.4.164,0.0,
106,,10.129.4.125,0.0,
107,,10.129.4.125,0.0,
108,,10.129.4.125,0.0,
109,,10.129.4.125,0.0,
110,,10.129.4.125,0.0,
111,,10.129.4.125,0.0,
112,,10.129.4.125,0.0,
113,,10.129.4.25,0.0,
114,,10.129.4.164,0.0,
115,"Various mitigations are possible:

  - Disable the support for ICMP timestamp on the remote host completely

  - Protect the remote host by a firewall, and block ICMP packets passing through the firewall in
  either direction (either completely or only for untrusted networks)",10.129.4.164,2.1,CVE-1999-0524
116,"Various mitigations are possible:

  - Disable the support for ICMP timestamp on the remote host completely

  - Protect the remote host by a firewall, and block ICMP packets passing through the firewall in
  either direction (either completely or only for untrusted networks)",10.129.4.254,2.1,CVE-1999-0524
117,"Various mitigations are possible:

  - Disable the support for ICMP timestamp on the remote host completely

  - Protect the remote host by a firewall, and block ICMP packets passing through the firewall in
  either direction (either completely or only for untrusted networks)",10.129.4.1,2.1,CVE-1999-0524
118,"Various mitigations are possible:

  - Disable the support for ICMP timestamp on the remote host completely

  - Protect the remote host by a firewall, and block ICMP packets passing through the firewall in
  either direction (either completely or only for untrusted networks)",10.129.4.207,2.1,CVE-1999-0524
119,"Various mitigations are possible:

  - Disable the support for ICMP timestamp on the remote host completely

  - Protect the remote host by a firewall, and block ICMP packets passing through the firewall in
  either direction (either completely or only for untrusted networks)",10.129.4.251,2.1,CVE-1999-0524
120,"Various mitigations are possible:

  - Disable the support for ICMP timestamp on the remote host completely

  - Protect the remote host by a firewall, and block ICMP packets passing through the firewall in
  either direction (either completely or only for untrusted networks)",10.129.4.115,2.1,CVE-1999-0524
121,"Various mitigations are possible:

  - Disable the support for ICMP timestamp on the remote host completely

  - Protect the remote host by a firewall, and block ICMP packets passing through the firewall in
  either direction (either completely or only for untrusted networks)",10.129.4.25,2.1,CVE-1999-0524
122,"Various mitigations are possible:

  - Disable the support for ICMP timestamp on the remote host completely

  - Protect the remote host by a firewall, and block ICMP packets passing through the firewall in
  either direction (either completely or only for untrusted networks)",10.129.4.143,2.1,CVE-1999-0524
123,"Various mitigations are possible:

  - Disable the support for ICMP timestamp on the remote host completely

  - Protect the remote host by a firewall, and block ICMP packets passing through the firewall in
  either direction (either completely or only for untrusted networks)",10.129.4.221,2.1,CVE-1999-0524
124,"Various mitigations are possible:

  - Disable the support for ICMP timestamp on the remote host completely

  - Protect the remote host by a firewall, and block ICMP packets passing through the firewall in
  either direction (either completely or only for untrusted networks)",10.129.4.125,2.1,CVE-1999-0524
125,"Various mitigations are possible:

  - Disable the support for ICMP timestamp on the remote host completely

  - Protect the remote host by a firewall, and block ICMP packets passing through the firewall in
  either direction (either completely or only for untrusted networks)",10.129.4.11,2.1,CVE-1999-0524
126,"Various mitigations are possible:

  - Disable the support for ICMP timestamp on the remote host completely

  - Protect the remote host by a firewall, and block ICMP packets passing through the firewall in
  either direction (either completely or only for untrusted networks)",10.129.4.129,2.1,CVE-1999-0524
127,Update to version 1.9.0 or later.,10.129.4.254,6.1,CVE-2012-6708
128,Update to version 1.9.0 or later.,10.129.4.254,6.1,CVE-2012-6708
129,Update to version 1.9.0 or later.,10.129.4.254,6.1,CVE-2012-6708
130,Update to version 1.9.0 or later.,10.129.4.254,6.1,CVE-2012-6708
131,Update to version 1.9.0 or later.,10.129.4.254,6.1,CVE-2012-6708
132,,10.129.4.254,0.0,
133,,10.129.4.63,0.0,
134,,10.129.4.125,0.0,
135,,10.129.4.125,0.0,
136,,10.129.4.22,0.0,
137,,10.129.4.164,0.0,
138,,10.129.4.125,0.0,
139,"Quickfix: Restrict default access to ignore all info
  packets.",10.129.4.1,0.0,
140,"Quickfix: Restrict default access to ignore all info
  packets.",10.129.4.11,0.0,
141,,10.129.4.125,0.0,
142,,10.129.4.1,0.0,
143,,10.129.4.25,0.0,
144,,10.129.4.125,0.0,
145,,10.129.4.25,0.0,
146,,10.129.4.143,0.0,
147,,10.129.4.25,0.0,
148,,10.129.4.22,0.0,
149,,10.129.4.1,0.0,
150,,10.129.4.115,0.0,
151,,10.129.4.207,0.0,
152,,10.129.4.143,0.0,
153,,10.129.4.247,0.0,
154,,10.129.4.42,0.0,
155,,10.129.4.129,0.0,
156,,10.129.4.11,0.0,
157,,10.129.4.164,0.0,
158,,10.129.4.251,0.0,
159,,10.129.4.125,0.0,
160,,10.129.4.254,0.0,
161,,10.129.4.169,0.0,
162,,10.129.4.221,0.0,
163,,10.129.4.82,0.0,
164,,10.129.4.224,0.0,
165,,10.129.4.207,0.0,
166,,10.129.4.25,0.0,
167,"Update the PVE version on the remote host to a still
  supported version.",10.129.4.25,10.0,
168,"Update to version 3.8.18, 3.9.18, 3.10.13, 3.11.5 or later.",10.129.4.125,5.3,CVE-2023-40217
169,"No known solution was made available for at least one year since
  the disclosure of this vulnerability. Likely none will be provided anymore. General solution options
  are to upgrade to a newer release, disable respective features, remove the product or replace the
  product by another one.

  Note: The vendor mentions, that a patch was included in main branch 3.13. This version is expected
  to release in October 2024. The patch might be included in the release of version 3.13 or later.",10.129.4.125,5.3,CVE-2023-27043
170,"No known solution was made available for at least one year since
  the disclosure of this vulnerability. Likely none will be provided anymore. General solution options
  are to upgrade to a newer release, disable respective features, remove the product or replace the
  product by another one.

  Note: The vendor mentions, that a patch was included in main branch 3.13. This version is expected
  to release in October 2024. The patch might be included in the release of version 3.13 or later.",10.129.4.125,5.3,CVE-2023-27043
171,"No known solution was made available for at least one year since
  the disclosure of this vulnerability. Likely none will be provided anymore. General solution options
  are to upgrade to a newer release, disable respective features, remove the product or replace the
  product by another one.

  Note: The vendor mentions, that a patch was included in main branch 3.13. This version is expected
  to release in October 2024. The patch might be included in the release of version 3.13 or later.",10.129.4.125,5.3,CVE-2023-27043
172,"No known solution was made available for at least one year since
  the disclosure of this vulnerability. Likely none will be provided anymore. General solution options
  are to upgrade to a newer release, disable respective features, remove the product or replace the
  product by another one.

  Note: The vendor mentions, that a patch was included in main branch 3.13. This version is expected
  to release in October 2024. The patch might be included in the release of version 3.13 or later.",10.129.4.125,5.3,CVE-2023-27043
173,"No known solution was made available for at least one year since
  the disclosure of this vulnerability. Likely none will be provided anymore. General solution options
  are to upgrade to a newer release, disable respective features, remove the product or replace the
  product by another one.

  Note: The vendor mentions, that a patch was included in main branch 3.13. This version is expected
  to release in October 2024. The patch might be included in the release of version 3.13 or later.",10.129.4.125,5.3,CVE-2023-27043
174,"No known solution was made available for at least one year
  since the disclosure of this vulnerability. Likely none will be provided anymore. General solution
  options are to upgrade to a newer release, disable respective features, remove the product or
  replace the product by another one.

  NOTE: email.utils.parseaddr is categorized as a Legacy API in the documentation of the Python
  email package. Applications should instead use the email.parser.BytesParser or
  email.parser.Parser class.",10.129.4.125,7.5,CVE-2023-36632
175,"No known solution was made available for at least one year
  since the disclosure of this vulnerability. Likely none will be provided anymore. General solution
  options are to upgrade to a newer release, disable respective features, remove the product or
  replace the product by another one.

  NOTE: email.utils.parseaddr is categorized as a Legacy API in the documentation of the Python
  email package. Applications should instead use the email.parser.BytesParser or
  email.parser.Parser class.",10.129.4.125,7.5,CVE-2023-36632
176,"No known solution was made available for at least one year
  since the disclosure of this vulnerability. Likely none will be provided anymore. General solution
  options are to upgrade to a newer release, disable respective features, remove the product or
  replace the product by another one.

  NOTE: email.utils.parseaddr is categorized as a Legacy API in the documentation of the Python
  email package. Applications should instead use the email.parser.BytesParser or
  email.parser.Parser class.",10.129.4.125,7.5,CVE-2023-36632
177,"No known solution was made available for at least one year
  since the disclosure of this vulnerability. Likely none will be provided anymore. General solution
  options are to upgrade to a newer release, disable respective features, remove the product or
  replace the product by another one.

  NOTE: email.utils.parseaddr is categorized as a Legacy API in the documentation of the Python
  email package. Applications should instead use the email.parser.BytesParser or
  email.parser.Parser class.",10.129.4.125,7.5,CVE-2023-36632
178,"No known solution was made available for at least one year
  since the disclosure of this vulnerability. Likely none will be provided anymore. General solution
  options are to upgrade to a newer release, disable respective features, remove the product or
  replace the product by another one.

  NOTE: email.utils.parseaddr is categorized as a Legacy API in the documentation of the Python
  email package. Applications should instead use the email.parser.BytesParser or
  email.parser.Parser class.",10.129.4.125,7.5,CVE-2023-36632
179,"Update to version 3.8.20, 3.9.20, 3.10.15, 3.11.10, 3.12.4 or
  later.",10.129.4.125,5.5,CVE-2024-4030
180,"Update to version 3.8.20, 3.9.20, 3.10.15, 3.11.10, 3.12.4 or
  later.",10.129.4.125,5.5,CVE-2024-4030
181,"Update to version 3.8.20, 3.9.20, 3.10.15, 3.11.10, 3.12.4 or
  later.",10.129.4.125,5.5,CVE-2024-4030
182,"Update to version 3.8.20, 3.9.20, 3.10.15, 3.11.10, 3.12.4 or
  later.",10.129.4.125,5.5,CVE-2024-4030
183,"Update to version 3.8.20, 3.9.20, 3.10.15, 3.11.10, 3.12.4 or
  later.",10.129.4.125,5.5,CVE-2024-4030
184,"Update to version 3.9.21, 3.10.16, 3.11.11, 3.12.8, 3.13.1
  or later.",10.129.4.125,7.8,CVE-2024-9287
185,"Update to version 3.9.21, 3.10.16, 3.11.11, 3.12.8, 3.13.1
  or later.",10.129.4.125,7.8,CVE-2024-9287
186,"Update to version 3.9.21, 3.10.16, 3.11.11, 3.12.8, 3.13.1
  or later.",10.129.4.125,7.8,CVE-2024-9287
187,"Update to version 3.9.21, 3.10.16, 3.11.11, 3.12.8, 3.13.1
  or later.",10.129.4.125,7.8,CVE-2024-9287
188,"Update to version 3.9.21, 3.10.16, 3.11.11, 3.12.8, 3.13.1
  or later.",10.129.4.125,7.8,CVE-2024-9287
189,"Update to version 3.8.20, 3.9.20, 3.10.15, 3.11.10, 3.12.5 or
  later.",10.129.4.125,5.5,CVE-2024-3219
190,"Update to version 3.8.20, 3.9.20, 3.10.15, 3.11.10, 3.12.5 or
  later.",10.129.4.125,5.5,CVE-2024-3219
191,"Update to version 3.8.20, 3.9.20, 3.10.15, 3.11.10, 3.12.5 or
  later.",10.129.4.125,5.5,CVE-2024-3219
192,"Update to version 3.8.20, 3.9.20, 3.10.15, 3.11.10, 3.12.5 or
  later.",10.129.4.125,5.5,CVE-2024-3219
193,"Update to version 3.8.20, 3.9.20, 3.10.15, 3.11.10, 3.12.5 or
  later.",10.129.4.125,5.5,CVE-2024-3219
194,,10.129.4.164,0.0,
195,,10.129.4.125,0.0,
196,"Update to version 3.8.19, 3.9.19, 3.10.14, 3.11.9, 3.12.3
  or later.",10.129.4.125,7.5,CVE-2023-52425
197,"Update to version 3.8.19, 3.9.19, 3.10.14, 3.11.9, 3.12.3
  or later.",10.129.4.125,7.5,CVE-2023-52425
198,"Update to version 3.8.19, 3.9.19, 3.10.14, 3.11.9, 3.12.3
  or later.",10.129.4.125,7.5,CVE-2023-52425
199,"Update to version 3.8.19, 3.9.19, 3.10.14, 3.11.9, 3.12.3
  or later.",10.129.4.125,7.5,CVE-2023-52425
200,"Update to version 3.8.19, 3.9.19, 3.10.14, 3.11.9, 3.12.3
  or later.",10.129.4.125,7.5,CVE-2023-52425
201,"Update to version 3.8.20, 3.9.20, 3.10.15, 3.11.10, 3.12.5 or
  later.",10.129.4.125,5.0,CVE-2024-6923
202,"Update to version 3.8.20, 3.9.20, 3.10.15, 3.11.10, 3.12.5 or
  later.",10.129.4.125,5.0,CVE-2024-6923
203,"Update to version 3.8.20, 3.9.20, 3.10.15, 3.11.10, 3.12.5 or
  later.",10.129.4.125,5.0,CVE-2024-6923
204,"Update to version 3.8.20, 3.9.20, 3.10.15, 3.11.10, 3.12.5 or
  later.",10.129.4.125,5.0,CVE-2024-6923
205,"Update to version 3.8.20, 3.9.20, 3.10.15, 3.11.10, 3.12.5 or
  later.",10.129.4.125,5.0,CVE-2024-6923
206,"Update to version 3.11.10, 3.12.4 or later.",10.129.4.125,2.1,CVE-2025-1795
207,"Update to version 3.11.10, 3.12.4 or later.",10.129.4.125,2.1,CVE-2025-1795
208,"Update to version 3.11.10, 3.12.4 or later.",10.129.4.125,2.1,CVE-2025-1795
209,"Update to version 3.11.10, 3.12.4 or later.",10.129.4.125,2.1,CVE-2025-1795
210,"Update to version 3.11.10, 3.12.4 or later.",10.129.4.125,2.1,CVE-2025-1795
211,"Update to version 3.12.9, 3.13.2 or later.",10.129.4.125,2.6,CVE-2025-0938
212,"Update to version 3.12.9, 3.13.2 or later.",10.129.4.125,2.6,CVE-2025-0938
213,"Update to version 3.12.9, 3.13.2 or later.",10.129.4.125,2.6,CVE-2025-0938
214,"Update to version 3.12.9, 3.13.2 or later.",10.129.4.125,2.6,CVE-2025-0938
215,"Update to version 3.12.9, 3.13.2 or later.",10.129.4.125,2.6,CVE-2025-0938
216,"Update to version 3.8.20, 3.9.20, 3.10.15, 3.11.10, 3.12.4 or
  later.",10.129.4.125,5.0,CVE-2024-4032
217,"Update to version 3.8.20, 3.9.20, 3.10.15, 3.11.10, 3.12.4 or
  later.",10.129.4.125,5.0,CVE-2024-4032
218,"Update to version 3.8.20, 3.9.20, 3.10.15, 3.11.10, 3.12.4 or
  later.",10.129.4.125,5.0,CVE-2024-4032
219,"Update to version 3.8.20, 3.9.20, 3.10.15, 3.11.10, 3.12.4 or
  later.",10.129.4.125,5.0,CVE-2024-4032
220,"Update to version 3.8.20, 3.9.20, 3.10.15, 3.11.10, 3.12.4 or
  later.",10.129.4.125,5.0,CVE-2024-4032
221,"Update to version 3.8.20, 3.9.20, 3.10.15, 3.11.10, 3.12.6 or
  later.",10.129.4.125,9.8,"CVE-2024-6232,CVE-2024-7592,CVE-2024-8088,CVE-2024-45490,CVE-2024-45491,CVE-2024-45492"
222,"Update to version 3.8.20, 3.9.20, 3.10.15, 3.11.10, 3.12.6 or
  later.",10.129.4.125,9.8,"CVE-2024-6232,CVE-2024-7592,CVE-2024-8088,CVE-2024-45490,CVE-2024-45491,CVE-2024-45492"
223,"Update to version 3.8.20, 3.9.20, 3.10.15, 3.11.10, 3.12.6 or
  later.",10.129.4.125,9.8,"CVE-2024-6232,CVE-2024-7592,CVE-2024-8088,CVE-2024-45490,CVE-2024-45491,CVE-2024-45492"
224,"Update to version 3.8.20, 3.9.20, 3.10.15, 3.11.10, 3.12.6 or
  later.",10.129.4.125,9.8,"CVE-2024-6232,CVE-2024-7592,CVE-2024-8088,CVE-2024-45490,CVE-2024-45491,CVE-2024-45492"
225,"Update to version 3.8.20, 3.9.20, 3.10.15, 3.11.10, 3.12.6 or
  later.",10.129.4.125,9.8,"CVE-2024-6232,CVE-2024-7592,CVE-2024-8088,CVE-2024-45490,CVE-2024-45491,CVE-2024-45492"
226,"Update to version 3.8.19, 3.9.19, 3.10.14, 3.11.8, 3.12.2
  or later.",10.129.4.125,4.9,CVE-2024-0450
227,"Update to version 3.8.19, 3.9.19, 3.10.14, 3.11.8, 3.12.2
  or later.",10.129.4.125,4.9,CVE-2024-0450
228,"Update to version 3.8.19, 3.9.19, 3.10.14, 3.11.8, 3.12.2
  or later.",10.129.4.125,4.9,CVE-2024-0450
229,"Update to version 3.8.19, 3.9.19, 3.10.14, 3.11.8, 3.12.2
  or later.",10.129.4.125,4.9,CVE-2024-0450
230,"Update to version 3.8.19, 3.9.19, 3.10.14, 3.11.8, 3.12.2
  or later.",10.129.4.125,4.9,CVE-2024-0450
231,"Update to version 3.8.20, 3.9.20, 3.10.14, 3.11.9, 3.12.3
  or later.",10.129.4.125,5.0,CVE-2024-0397
232,"Update to version 3.8.20, 3.9.20, 3.10.14, 3.11.9, 3.12.3
  or later.",10.129.4.125,5.0,CVE-2024-0397
233,"Update to version 3.8.20, 3.9.20, 3.10.14, 3.11.9, 3.12.3
  or later.",10.129.4.125,5.0,CVE-2024-0397
234,"Update to version 3.8.20, 3.9.20, 3.10.14, 3.11.9, 3.12.3
  or later.",10.129.4.125,5.0,CVE-2024-0397
235,"Update to version 3.8.20, 3.9.20, 3.10.14, 3.11.9, 3.12.3
  or later.",10.129.4.125,5.0,CVE-2024-0397
236,"Update to version 3.9.21, 3.10.16, 3.11.4 or later.",10.129.4.125,2.6,CVE-2024-11168
237,"Update to version 3.8.19, 3.9.19, 3.10.14, 3.11.8, 3.12.1
  or later.",10.129.4.125,5.6,CVE-2023-6597
238,"Update to version 3.8.19, 3.9.19, 3.10.14, 3.11.8, 3.12.1
  or later.",10.129.4.125,5.6,CVE-2023-6597
239,"Update to version 3.8.19, 3.9.19, 3.10.14, 3.11.8, 3.12.1
  or later.",10.129.4.125,5.6,CVE-2023-6597
240,"Update to version 3.8.19, 3.9.19, 3.10.14, 3.11.8, 3.12.1
  or later.",10.129.4.125,5.6,CVE-2023-6597
241,"Update to version 3.8.19, 3.9.19, 3.10.14, 3.11.8, 3.12.1
  or later.",10.129.4.125,5.6,CVE-2023-6597
242,"No known solution is available as of 18th February, 2025.
  Information regarding this issue will be updated once solution details are available.",10.129.4.125,5.5,CVE-2024-3220
243,"No known solution is available as of 18th February, 2025.
  Information regarding this issue will be updated once solution details are available.",10.129.4.125,5.5,CVE-2024-3220
244,"No known solution is available as of 18th February, 2025.
  Information regarding this issue will be updated once solution details are available.",10.129.4.125,5.5,CVE-2024-3220
245,"No known solution is available as of 18th February, 2025.
  Information regarding this issue will be updated once solution details are available.",10.129.4.125,5.5,CVE-2024-3220
246,"No known solution is available as of 18th February, 2025.
  Information regarding this issue will be updated once solution details are available.",10.129.4.125,5.5,CVE-2024-3220
247,,10.129.4.125,0.0,
248,,10.129.4.164,0.0,
249,,10.129.4.125,0.0,
250,,10.129.4.22,0.0,
251,,10.129.4.125,0.0,
252,,10.129.4.129,0.0,
253,,10.129.4.164,0.0,
254,,10.129.4.125,0.0,
255,,10.129.4.1,0.0,
256,"Review the content of the /robot(s).txt file and consider removing the
  files from the server or protect them in other ways in case you actually intended non-public availability.",10.129.4.125,0.0,
257,"Review the content of the /robot(s).txt file and consider removing the
  files from the server or protect them in other ways in case you actually intended non-public availability.",10.129.4.125,0.0,
258,,10.129.4.25,0.0,CVE-1999-0632
259,,10.129.4.25,0.0,CVE-1999-0632
260,,10.129.4.115,0.0,
261,,10.129.4.22,0.0,
262,,10.129.4.164,0.0,
263,,10.129.4.129,0.0,
264,,10.129.4.143,0.0,
265,,10.129.4.143,0.0,
266,,10.129.4.1,0.0,
267,,10.129.4.129,0.0,
268,,10.129.4.207,0.0,
269,,10.129.4.207,0.0,
270,,10.129.4.254,0.0,
271,,10.129.4.254,0.0,
272,,10.129.4.254,0.0,
273,,10.129.4.254,0.0,
274,,10.129.4.164,0.0,
275,,10.129.4.164,0.0,
276,,10.129.4.164,0.0,
277,,10.129.4.22,0.0,
278,,10.129.4.164,0.0,
279,,10.129.4.169,0.0,
280,,10.129.4.164,0.0,
281,,10.129.4.164,0.0,
282,,10.129.4.125,0.0,
283,,10.129.4.125,0.0,
284,,10.129.4.125,0.0,
285,,10.129.4.25,0.0,
286,,10.129.4.25,0.0,
287,,10.129.4.25,0.0,
288,,10.129.4.25,0.0,
289,,10.129.4.125,0.0,
290,,10.129.4.125,0.0,
291,,10.129.4.125,0.0,
292,,10.129.4.125,0.0,
293,,10.129.4.125,0.0,
294,,10.129.4.125,0.0,
295,,10.129.4.125,0.0,
296,,10.129.4.125,0.0,
297,,10.129.4.125,0.0,
298,,10.129.4.125,0.0,
299,,10.129.4.125,0.0,
300,,10.129.4.11,0.0,
301,,10.129.4.125,0.0,
302,,10.129.4.125,0.0,
303,,10.129.4.125,0.0,
304,,10.129.4.11,0.0,
305,,10.129.4.11,0.0,
306,,10.129.4.63,0.0,
307,,10.129.4.22,0.0,
308,,10.129.4.25,0.0,
309,,10.129.4.254,0.0,
310,,10.129.4.143,0.0,
311,,10.129.4.125,0.0,
312,,10.129.4.22,0.0,
313,,10.129.4.254,0.0,
314,,10.129.4.143,0.0,
315,,10.129.4.125,0.0,
316,,10.129.4.25,0.0,
317,,10.129.4.125,0.0,
318,,10.129.4.254,0.0,
319,,10.129.4.22,0.0,
320,,10.129.4.143,0.0,
321,,10.129.4.25,0.0,
322,,10.129.4.164,0.0,
323,,10.129.4.125,0.0,
324,,10.129.4.125,0.0,
325,,10.129.4.143,0.0,
326,,10.129.4.125,0.0,
327,Replace the SSL/TLS certificate by a new one.,10.129.4.125,0.0,
328,Replace the SSL/TLS certificate by a new one.,10.129.4.125,0.0,
329,Replace the SSL/TLS certificate by a new one.,10.129.4.143,0.0,
330,Replace the SSL/TLS certificate by a new one.,10.129.4.164,0.0,
331,Replace the SSL/TLS certificate by a new one.,10.129.4.169,0.0,
332,"The minimum value to get added to the HSTS preload lists of
  Google Chrome is 18 weeks (10886400 seconds). The value should aim towards 6 months (15768000
  seconds) but heavily depends on your deployment scenario.",10.129.4.164,0.0,
333,"The minimum value to get added to the HSTS preload lists of
  Google Chrome is 18 weeks (10886400 seconds). The value should aim towards 6 months (15768000
  seconds) but heavily depends on your deployment scenario.",10.129.4.125,0.0,
334,,10.129.4.143,0.0,
335,,10.129.4.125,0.0,
336,,10.129.4.169,0.0,
337,,10.129.4.25,0.0,
338,,10.129.4.164,0.0,
339,,10.129.4.125,0.0,
340,,10.129.4.125,0.0,
341,,10.129.4.125,0.0,
342,,10.129.4.143,0.0,
343,"It is recommended to disable the deprecated SSLv2 and/or SSLv3
  protocols in favor of the TLSv1.2+ protocols.

  Please see the references for more resources supporting you with this task.",10.129.4.169,5.9,"CVE-2016-0800,CVE-2014-3566"
344,"It is recommended to disable the deprecated TLSv1.0 and/or
  TLSv1.1 protocols in favor of the TLSv1.2+ protocols.

  Please see the references for more resources supporting you with this task.",10.129.4.169,4.3,"CVE-2011-3389,CVE-2015-0204,CVE-2025-3200"
345,"It is recommended to disable the deprecated TLSv1.0 and/or
  TLSv1.1 protocols in favor of the TLSv1.2+ protocols.

  Please see the references for more resources supporting you with this task.",10.129.4.125,4.3,"CVE-2011-3389,CVE-2015-0204,CVE-2025-3200"
346,,10.129.4.25,0.0,
347,,10.129.4.125,0.0,
348,"Enable HPKP or add / configure the required directives
  correctly following the guides linked in the references.

  Note: Some web servers are not sending headers on specific status codes by default. Please review
  your web server or application configuration to always send these headers on every response
  independently from the status code.

  - Apache: Use 'Header always set' instead of 'Header set'.

  - nginx: Append the 'always' keyword to each 'add_header' directive.

  For different applications or web severs please refer to the related documentation for a similar
  configuration possibility.",10.129.4.25,0.0,
349,"Enable HPKP or add / configure the required directives
  correctly following the guides linked in the references.

  Note: Some web servers are not sending headers on specific status codes by default. Please review
  your web server or application configuration to always send these headers on every response
  independently from the status code.

  - Apache: Use 'Header always set' instead of 'Header set'.

  - nginx: Append the 'always' keyword to each 'add_header' directive.

  For different applications or web severs please refer to the related documentation for a similar
  configuration possibility.",10.129.4.164,0.0,
350,"Enable HPKP or add / configure the required directives
  correctly following the guides linked in the references.

  Note: Some web servers are not sending headers on specific status codes by default. Please review
  your web server or application configuration to always send these headers on every response
  independently from the status code.

  - Apache: Use 'Header always set' instead of 'Header set'.

  - nginx: Append the 'always' keyword to each 'add_header' directive.

  For different applications or web severs please refer to the related documentation for a similar
  configuration possibility.",10.129.4.125,0.0,
351,,10.129.4.125,0.0,
352,,10.129.4.164,0.0,
353,"Enable HSTS or add / configure the required directives
  correctly following the guides linked in the references.

  Note: Some web servers are not sending headers on specific status codes by default. Please review
  your web server or application configuration to always send these headers on every response
  independently from the status code.

  - Apache: Use 'Header always set' instead of 'Header set'.

  - nginx: Append the 'always' keyword to each 'add_header' directive.

  For different applications or web severs please refer to the related documentation for a similar
  configuration possibility.",10.129.4.25,0.0,
354,"Replace the SSL/TLS certificate with one signed by a trusted
  CA.",10.129.4.164,5.0,
355,"Replace the SSL/TLS certificate with one signed by a trusted
  CA.",10.129.4.125,5.0,
356,,10.129.4.115,0.0,
357,,10.129.4.125,0.0,
358,,10.129.4.25,0.0,
359,,10.129.4.164,0.0,
360,,10.129.4.125,0.0,
361,,10.129.4.143,0.0,
362,,10.129.4.125,0.0,
363,,10.129.4.169,0.0,
364,,10.129.4.164,0.0,
365,,10.129.4.125,0.0,
366,,10.129.4.125,0.0,
367,,10.129.4.125,0.0,
368,,10.129.4.115,0.0,
369,,10.129.4.25,0.0,
370,,10.129.4.169,0.0,
371,,10.129.4.143,0.0,
372,,10.129.4.169,0.0,
373,,10.129.4.125,0.0,
374,,10.129.4.115,0.0,
375,,10.129.4.125,0.0,
376,,10.129.4.25,0.0,
377,,10.129.4.125,0.0,
378,,10.129.4.143,0.0,
379,,10.129.4.164,0.0,
380,,10.129.4.164,0.0,
381,,10.129.4.115,0.0,
382,,10.129.4.125,0.0,
383,,10.129.4.125,0.0,
384,,10.129.4.143,0.0,
385,,10.129.4.25,0.0,
386,,10.129.4.169,0.0,
387,,10.129.4.125,0.0,
388,,10.129.4.164,0.0,
389,,10.129.4.125,0.0,
390,,10.129.4.169,0.0,
391,,10.129.4.143,0.0,
392,,10.129.4.125,0.0,
393,,10.129.4.25,0.0,
394,,10.129.4.115,0.0,
395,,10.129.4.125,0.0,
396,,10.129.4.125,0.0,
397,,10.129.4.25,0.0,
398,,10.129.4.115,0.0,
399,,10.129.4.125,0.0,
400,,10.129.4.169,0.0,
401,,10.129.4.143,0.0,
402,,10.129.4.125,0.0,
403,,10.129.4.125,0.0,
404,,10.129.4.164,0.0,
405,,10.129.4.25,0.0,
406,"To disable TCP timestamps on linux add the line
  'net.ipv4.tcp_timestamps = 0' to /etc/sysctl.conf. Execute 'sysctl -p' to apply the settings at
  runtime.

  To disable TCP timestamps on Windows execute 'netsh int tcp set global timestamps=disabled'

  Starting with Windows Server 2008 and Vista, the timestamp can not be completely disabled.

  The default behavior of the TCP/IP stack on this Systems is to not use the Timestamp options when
  initiating TCP connections, but use them if the TCP peer that is initiating communication includes
  them in their synchronize (SYN) segment.

  See the references for more information.",10.129.4.129,2.6,
407,"To disable TCP timestamps on linux add the line
  'net.ipv4.tcp_timestamps = 0' to /etc/sysctl.conf. Execute 'sysctl -p' to apply the settings at
  runtime.

  To disable TCP timestamps on Windows execute 'netsh int tcp set global timestamps=disabled'

  Starting with Windows Server 2008 and Vista, the timestamp can not be completely disabled.

  The default behavior of the TCP/IP stack on this Systems is to not use the Timestamp options when
  initiating TCP connections, but use them if the TCP peer that is initiating communication includes
  them in their synchronize (SYN) segment.

  See the references for more information.",10.129.4.254,2.6,
408,"To disable TCP timestamps on linux add the line
  'net.ipv4.tcp_timestamps = 0' to /etc/sysctl.conf. Execute 'sysctl -p' to apply the settings at
  runtime.

  To disable TCP timestamps on Windows execute 'netsh int tcp set global timestamps=disabled'

  Starting with Windows Server 2008 and Vista, the timestamp can not be completely disabled.

  The default behavior of the TCP/IP stack on this Systems is to not use the Timestamp options when
  initiating TCP connections, but use them if the TCP peer that is initiating communication includes
  them in their synchronize (SYN) segment.

  See the references for more information.",10.129.4.1,2.6,
409,"To disable TCP timestamps on linux add the line
  'net.ipv4.tcp_timestamps = 0' to /etc/sysctl.conf. Execute 'sysctl -p' to apply the settings at
  runtime.

  To disable TCP timestamps on Windows execute 'netsh int tcp set global timestamps=disabled'

  Starting with Windows Server 2008 and Vista, the timestamp can not be completely disabled.

  The default behavior of the TCP/IP stack on this Systems is to not use the Timestamp options when
  initiating TCP connections, but use them if the TCP peer that is initiating communication includes
  them in their synchronize (SYN) segment.

  See the references for more information.",10.129.4.25,2.6,
410,"To disable TCP timestamps on linux add the line
  'net.ipv4.tcp_timestamps = 0' to /etc/sysctl.conf. Execute 'sysctl -p' to apply the settings at
  runtime.

  To disable TCP timestamps on Windows execute 'netsh int tcp set global timestamps=disabled'

  Starting with Windows Server 2008 and Vista, the timestamp can not be completely disabled.

  The default behavior of the TCP/IP stack on this Systems is to not use the Timestamp options when
  initiating TCP connections, but use them if the TCP peer that is initiating communication includes
  them in their synchronize (SYN) segment.

  See the references for more information.",10.129.4.143,2.6,
411,"To disable TCP timestamps on linux add the line
  'net.ipv4.tcp_timestamps = 0' to /etc/sysctl.conf. Execute 'sysctl -p' to apply the settings at
  runtime.

  To disable TCP timestamps on Windows execute 'netsh int tcp set global timestamps=disabled'

  Starting with Windows Server 2008 and Vista, the timestamp can not be completely disabled.

  The default behavior of the TCP/IP stack on this Systems is to not use the Timestamp options when
  initiating TCP connections, but use them if the TCP peer that is initiating communication includes
  them in their synchronize (SYN) segment.

  See the references for more information.",10.129.4.207,2.6,
412,"To disable TCP timestamps on linux add the line
  'net.ipv4.tcp_timestamps = 0' to /etc/sysctl.conf. Execute 'sysctl -p' to apply the settings at
  runtime.

  To disable TCP timestamps on Windows execute 'netsh int tcp set global timestamps=disabled'

  Starting with Windows Server 2008 and Vista, the timestamp can not be completely disabled.

  The default behavior of the TCP/IP stack on this Systems is to not use the Timestamp options when
  initiating TCP connections, but use them if the TCP peer that is initiating communication includes
  them in their synchronize (SYN) segment.

  See the references for more information.",10.129.4.164,2.6,
413,"To disable TCP timestamps on linux add the line
  'net.ipv4.tcp_timestamps = 0' to /etc/sysctl.conf. Execute 'sysctl -p' to apply the settings at
  runtime.

  To disable TCP timestamps on Windows execute 'netsh int tcp set global timestamps=disabled'

  Starting with Windows Server 2008 and Vista, the timestamp can not be completely disabled.

  The default behavior of the TCP/IP stack on this Systems is to not use the Timestamp options when
  initiating TCP connections, but use them if the TCP peer that is initiating communication includes
  them in their synchronize (SYN) segment.

  See the references for more information.",10.129.4.115,2.6,
414,"To disable TCP timestamps on linux add the line
  'net.ipv4.tcp_timestamps = 0' to /etc/sysctl.conf. Execute 'sysctl -p' to apply the settings at
  runtime.

  To disable TCP timestamps on Windows execute 'netsh int tcp set global timestamps=disabled'

  Starting with Windows Server 2008 and Vista, the timestamp can not be completely disabled.

  The default behavior of the TCP/IP stack on this Systems is to not use the Timestamp options when
  initiating TCP connections, but use them if the TCP peer that is initiating communication includes
  them in their synchronize (SYN) segment.

  See the references for more information.",10.129.4.22,2.6,
415,"To disable TCP timestamps on linux add the line
  'net.ipv4.tcp_timestamps = 0' to /etc/sysctl.conf. Execute 'sysctl -p' to apply the settings at
  runtime.

  To disable TCP timestamps on Windows execute 'netsh int tcp set global timestamps=disabled'

  Starting with Windows Server 2008 and Vista, the timestamp can not be completely disabled.

  The default behavior of the TCP/IP stack on this Systems is to not use the Timestamp options when
  initiating TCP connections, but use them if the TCP peer that is initiating communication includes
  them in their synchronize (SYN) segment.

  See the references for more information.",10.129.4.11,2.6,
416,,10.129.4.254,0.0,
417,,10.129.4.254,0.0,
418,Replace Telnet with a protocol like SSH which supports encrypted connections.,10.129.4.254,4.8,
419,,10.129.4.125,0.0,
420,,10.129.4.221,0.0,
421,,10.129.4.169,0.0,
422,,10.129.4.254,0.0,
423,,10.129.4.11,0.0,
424,,10.129.4.129,0.0,
425,,10.129.4.115,0.0,
426,,10.129.4.247,0.0,
427,,10.129.4.164,0.0,
428,,10.129.4.22,0.0,
429,,10.129.4.207,0.0,
430,,10.129.4.1,0.0,
431,,10.129.4.82,0.0,
432,,10.129.4.143,0.0,
433,,10.129.4.251,0.0,
434,,10.129.4.224,0.0,
435,,10.129.4.25,0.0,
436,,10.129.4.42,0.0,
437,,10.129.4.169,0.0,
438,,10.129.4.22,0.0,
439,,10.129.4.143,0.0,
440,,10.129.4.11,0.0,
441,,10.129.4.129,0.0,
442,,10.129.4.254,0.0,
443,,10.129.4.125,0.0,
444,,10.129.4.125,0.0,
445,,10.129.4.125,0.0,
446,,10.129.4.125,0.0,
447,,10.129.4.125,0.0,
448,,10.129.4.125,0.0,
449,,10.129.4.125,0.0,
450,,10.129.4.129,0.0,
451,,10.129.4.164,0.0,
452,,10.129.4.164,0.0,
453,,10.129.4.254,0.0,
454,,10.129.4.254,0.0,
455,,10.129.4.254,0.0,
456,,10.129.4.125,0.0,
457,,10.129.4.11,0.0,
458,Disable the reported weak encryption algorithm(s).,10.129.4.22,4.3,
459,Disable the reported weak encryption algorithm(s).,10.129.4.254,4.3,
460,Disable the reported weak host key algorithm(s).,10.129.4.254,5.3,
461,"Disable the reported weak KEX algorithm(s)

  - 1024-bit MODP group / prime KEX algorithms:

  Alternatively use elliptic-curve Diffie-Hellmann in general, e.g. Curve 25519.",10.129.4.254,5.3,
462,"Disable the reported weak KEX algorithm(s)

  - 1024-bit MODP group / prime KEX algorithms:

  Alternatively use elliptic-curve Diffie-Hellmann in general, e.g. Curve 25519.",10.129.4.22,5.3,
463,Disable the reported weak MAC algorithm(s).,10.129.4.254,2.6,
464,Disable the reported weak MAC algorithm(s).,10.129.4.25,2.6,
465,Disable the reported weak MAC algorithm(s).,10.129.4.125,2.6,
466,Disable the reported weak MAC algorithm(s).,10.129.4.22,2.6,
467,Disable the reported weak MAC algorithm(s).,10.129.4.143,2.6,
468,,10.129.4.125,0.0,
469,,10.129.4.125,0.0,
470,,10.129.4.125,0.0,
471,,10.129.4.125,0.0,
472,,10.129.4.125,0.0,
473,,10.129.4.125,0.0,
474,,10.129.4.125,0.0,
475,,10.129.4.164,0.0,
476,,10.129.4.164,0.0,
477,,10.129.4.164,0.0,
478,,10.129.4.164,0.0,
479,,10.129.4.164,0.0,
480,,10.129.4.207,0.0,
481,,10.129.4.22,0.0,
482,,10.129.4.207,0.0,
483,,10.129.4.143,0.0,
484,,10.129.4.129,0.0,
485,,10.129.4.25,0.0,
486,,10.129.4.1,0.0,
487,,10.129.4.254,0.0,
488,,10.129.4.254,0.0,
489,,10.129.4.129,0.0,
490,,10.129.4.25,0.0,
491,,10.129.4.125,0.0,
492,,10.129.4.125,0.0,
